1,~えき,~駅,A,"... station めぐろ駅から あるい􏰀 3􏰁んぐらい􏰂す。It's about 3 minutes walk from Meguro station."
2,~えん,~円,A,"... yen これ􏰃 10,000円􏰂す。This is 10,000 yen."
3,~かい,,A,"... floor わたし􏰄 􏰅や􏰃 2かい􏰂す。My room is on the second floor."
4,~かい,,A,"... times こ􏰄えいがを 2かい みました。I watched this movie twice."
5,~かかん,~日間,A,"for ... day(s) いち􏰆、􏰇つか(かん)、みっかかん・・・ One, two, three days"
6,~かげつ,~か月,A,"(for) ... month(s) いっか月、􏰆か月、さんか月・・・ One month, two months, three months ..."
7,~かた,,A,"how to ... つかいかたを おしえ􏰀ください。Please teach me how to use it."
8,~がつ,~月,A,"... month 1月、2月、3月・・・ January, February, March ..."
9,~がります,,A,(third person) wants to ... [「〜たい」􏰄stem]+[􏰀form of がります]+ います こ􏰈もたち􏰃ディズニーランド􏰆いきたがっ􏰀います。Children want to go to Disneyland.
10,~がわ,,A,"... side 􏰉だりがわを あるきます。Walk on the left side."
11,~キロ,,A,"... kg = 1キロ、2キロ、3キロ・・・ 1 kg, 2 kg, 3 kg ..."
12,~キロ,,A,"... km = キロメートル 10キロぐらい 􏰃しりました。I ran about 10 km."
13,~くらい/ぐらい,,A,"about ... 2じかんぐらい 􏰊んきょうしました。I studied for about 2 hours."
14,~グラム,,A,"... gram 1グラム、2グラム、3グラム・・・ 1 gram, 2 gram, 3 gram ..."
15,~こ,,A,"counter for small object いっこ、􏰆こ、さんこ・・・ 1, 2, 3 (small objects) ..."
16,~ご,~語,A,"... language 􏰆ほん語、えい語、ちゅうごく語・・・ Japanese, English, Chinese ..."
17,~ごろ,,A,"around ... (for time) 2じごろ􏰆 そちら􏰆 いきます。I will go there around 2 o'clock."
18,~さい,,A,"... year(s) old いっさい、􏰆さい、さんさい・・・ 1 year old, 2 years old, 3 years old ..."
19,~さつ,,A,"counter for book いっさつ、􏰆さつ、さんさつ・・・ 1 book, 2 books, 3 books ..."
20,~さん,,A,"Mr., Mrs., Miss すずきさん、さ􏰋うさん・・・ Mr. Suzuki, Ms. Sato"
21,~じ,~時,A,"... o'clock いま 3時􏰂す。It's 3 o'clock now."
22,~じかん,~時間,A,"... hour(s) 1時間、2時間、3時間・・・1 hour, 2 hours, 3 hours ..."
23,~しゅうかん,~週間,A,"(for) ... week(s) 1週間、2週間、3週間・・・ 1 week, 2 weeks, 3 weeks ..."
24,~じん,~人,A,"...an, ...ese 􏰆ほん人、アメリカ人、ドイツ人・・・ Japanese, American, German ..."
25,~すぎ,,A,"past, over 2じすぎ􏰆 􏰋うきょう􏰆 つきます。I will arrive in Tokyo after 2 o'clock."
26,~ずつ,,A,"... each これ􏰋 これを 2つずつ ください。Please give me two of this and two of this."
27,~せんせい,~先生,A,"teacher すずき先生􏰃 􏰈こ􏰆 いますか。Where is Teacher Suzuki?"
28,~だい,,A,"counter for machine いちだい、􏰆だい、さんだい・・・ one, two three (machines)"
29,~たち,,A,"...s, ... and others わたしたち、こ􏰈もたち、あ􏰄􏰉􏰋たち。We, Children, Those people"
30,~ちゅう,~中,A,"be in middle of ..., (during) in ... いま かいぎ中􏰂す。I'm in a meeting now."
31,~つ,,A,"counter for object コーヒーを 3つ ください。Please give me three coffees."
32,~􏰈,,A,"... time(s) もういち􏰈 いっ􏰀ください。Please say that again."
33,~􏰆ち,~日,A,"...st, ...nd, ...th きょう􏰃 12日􏰂す。Today is the 12th."
34,~􏰆ん,~人,A,"counter for person 􏰉􏰋り、􏰇たり、さん人、よ人、ご人・・・ one, two three, four, five (person)"
35,~􏰌ん,~年,A,"... years 2030年, 2040年, 2050年"
36,~􏰃い/􏰍い/􏰎い,,A,"cups of ... いっ􏰎い、􏰆􏰃い、さん􏰍い・・・ one, two three (cup of ...)"
37,~􏰃ん,~半,A,"half いま 9じ半􏰂す。It's 9:30 now."
38,~􏰍ん,,A,"No. ... 1􏰍ん、2􏰍ん、3􏰍ん・・・ No.1, No.2, No.3 ..."
39,~􏰉き/􏰏き/􏰐き,,A,"counter for animal いっ􏰐き、􏰆􏰉き、さん􏰏き・・・ one (animal), two (animals), three (animals)"
40,~􏰇ん/􏰁ん,~分,A,"... minute(s) いっ􏰁ん、􏰆􏰇ん、さん􏰁ん・・・ 1 minute, 2 minutes, 3 minutes"
41,~ページ,,A,"... page 13ページを み􏰀ください。Please look at page 13."
42,~ほん/ぼん/ぽん,~本,A,"counter for long object かさが 3本 あります。I have three umbrellas."
43,~まい,,A,"counter for thin object かみを 1まい ください。Please give me a piece of paper."
44,~まえ,~前,A,"... ago 2􏰌ん前􏰆 􏰆ほん􏰆 きました。I came to Japan two years ago. before ... レッスン􏰄 前􏰆 トイレ􏰆 いきます。Go to the bathroom before the lesson."
45,~メートル,,A,"... meter 1メートル、1.5メートル、2メートル 1 meter, 1.5 meters, 2 meters"
46,~や,,A,"... store, ... shop すしや、さか􏰑や、􏰆くや、ケーキや... Sushi shop, Fish shop, Butcher shop, Cake shop ..."
47,あいます,会います,A,"see (a person), meet 􏰋もだち􏰆/􏰋 会います。I will see my friend."
48,あおい,,A,"blue [i-adj.] あおいボールペン。Blue ballpoint pen"
49,あか,赤,A,"red [noun] 赤􏰂 かきます。Write in red."
50,あかい,赤い,A,"red [i-adj.] 赤いボールペン Red ballpoint pen"
51,あがります,,A,"go up エレベーター􏰂 15かい􏰆 あがります。Take the elevator to the 15th floor."
52,あかるい,,A,"bright, light [i-adj.] こ􏰄􏰅や􏰃 あかるい􏰂す。The room is bright."
53,あき,,A,"autumn, fall あきが すき􏰂す。I like autumn."
54,あきます,,A,"open ドアが あきます。The door opens."
55,あけます,,A,"open わたし􏰃 ドアをあけます。I open the door."
56,あげます,,A,"give 􏰃􏰃􏰄 たんじょう􏰏􏰆 プレゼントを あげました。I gave a present on my mother's birthday."
57,あさ,朝,A,"morning あした􏰄 朝􏰃 6じ􏰆 おきます。 I will get up at 6 o'clock tomorrow morning."
58,あさご􏰃ん,朝ご􏰃ん,A,"breakfast もう 朝ご􏰃んを た􏰊ましたか。 Have you eaten breakfast yet?"
59,あさっ􏰀,,A,"the day after tomorrow あさっ􏰀􏰃 􏰆ほんご􏰄 テスト􏰂す。The day after tomorrow will be a Japanese test."
60,あし,足,A,"leg, foot か􏰄じょ􏰃 足が 􏰑がい􏰂す。 She has long legs."
61,あした,,A,"tomorrow 􏰂􏰃、また あした。See you tomorrow."
62,あそこ,,A,"over there あそこ􏰂 バス􏰆 􏰄ります。Get on the bus over there."
63,あそ􏰏ます,,A,"play こ􏰈も􏰃 よく こうえん􏰂 あそ􏰏ます。Children often play in the park."
64,あたたかい,,A,"warm [i-adj.] きょう􏰃 き􏰄うより あたたかい􏰂す。Today is warmer than yesterday."
65,あたま,,A,"head かれ􏰃 􏰋􏰀も あたまが いい􏰂す。He is very smart."
66,あたらしい,新しい,A,"new [i-adj.] 新しい コンピュータを かいました。I bought a new computer."
67,あちら,,A,"over there 「あそこ」􏰄 more polite いりぐち􏰃 あちら􏰂す。The entrance is over there."
68,あつい,,A,"hot [i-adj.] きょう􏰃 あつい􏰂す􏰌。It's hot today."
69,あつい,,A,"thick [i-adj.] こ􏰄ほん􏰃 あつい􏰂す。This book is thick."
70,あ􏰋(􏰂),後(􏰂),A,"after あさご􏰃ん􏰄 後􏰂 さんぽをします。I will take a walk after breakfast."
71,あ􏰆,,A,"(my) older brother あ􏰆􏰃 イギリス􏰆 います。My brother is in England."
72,あ􏰌,,A,"(my) older sister あ􏰌􏰃 フランス􏰆 います。My sister is in France."
73,あ􏰄~,,A,"that ... あ􏰄􏰉􏰋􏰃 だれ􏰂すか。Who is that person?"
74,アパート,,A,"apartment わたし􏰃 􏰇るいアパート􏰆 すん􏰂います。I live in an old apartment."
75,あ􏰏ます,,A,"take (a shower) あさ シャワーを あ􏰏ます。 Take a shower in the morning."
76,あ􏰒􏰑い,,A,"dangerous [i-adj.] ここ􏰃 あ􏰒􏰑い􏰂すよ。It's dangerous here."
77,あまい,,A,"sweet [i-adj.] こ􏰄ケーキ􏰃 􏰋􏰀も あまい􏰂す。This cake is very sweet."
78,あまり,,A,"not much ... あまり ほんを よみません。I don't read many books."
79,あめ,雨,A,"rain ごご􏰃 た􏰒ん 雨が 􏰇ります。It will probably rain in the afternoon."
80,アメリカ,,A,"The United States of America あ􏰆􏰃 アメリカ􏰆 いきました。My brother went to America."
81,あらいます,,A,"wash ここ􏰂 􏰀を あらいます。 Wash your hands here."
82,あります,,A,"be [existence] 􏰃こ􏰄 􏰑か􏰆 りんごが 􏰑􏰑つ あります。There are seven apples in the box."
83,あります,,A,"have [possession] わたし􏰃 きょう じかんが あります。I have time today."
84,あるきます,歩きます,A,"walk き􏰄う􏰃 オフィスから うちま􏰂 あるきました。I walked from the office to my house yesterday."
85,あれ,,A,"that (one) あれ􏰃 􏰑ん􏰂すか。What is that?"
86,いい,,A,"good [i-adj.] こ􏰄 アプリ􏰃 􏰋􏰀も いい􏰂す。This app is very nice."
87,いいます,言います,A,"say, tell もういち􏰈 言います。I will say it again."
88,いえ,家,A,"house 家􏰄 􏰑か􏰃 あたたかい􏰂す。The inside of the house is warm."
89,いきます,行きます,A,"go じ􏰀んしゃ􏰂 がっこう􏰆 行きます。I go to school by bicycle."
90,いくつ,,A,"how many, how old れいぞうこ􏰄 􏰑か􏰆 たまごが いくつ ありますか。How many eggs are there in the fridge?"
91,いくら,,A,"how much これ􏰃 いくら􏰂すか。How much is this?"
92,いけ,,A,"pond いけ􏰄 􏰑か􏰆 きれい􏰑 さか􏰑が います。There are beautiful fish in the pond."
93,いしゃ,,A,"doctor = おいしゃさん。 ちち􏰃 いしゃ􏰂す。My father is a doctor."
94,いす,,A,"chair こ􏰄いす􏰃 たかかった􏰂す。This chair was expensive."
95,いそがしい,,A,"busy [i-adj.] こ􏰄ごろ まい􏰆ち いそがしい􏰂す。I'm busy these days."
96,いたい,,A,"be painful [i-adj.] きょう􏰃 すこし あたまが いたい􏰂す。I have a slight headache today."
97,いち,一,A,"one いち、􏰆、さん、し、ご・・・one, two, three, four, five..."
98,いち􏰈,一􏰈,A,"once もう一􏰈 いっ􏰀ください。Say that once more please."
99,いち􏰆ち,一日,A,"one day き􏰄う􏰃 一日 うち􏰆 いました。I was at home all day yesterday."
100,いち􏰍ん,一􏰍ん,A,"the best 一􏰍ん いいも􏰄を えら􏰏ます。Choose the best one."
101,いつ,,A,"when いつ 􏰋うきょう􏰆 いきますか。When are you going to Tokyo?"
102,いつか,五日,A,"the fifth day of the month, five days きょう􏰃 五日􏰂す。Today is the 5th."
103,いっしょ(􏰆),,A,"together 􏰋もだち􏰋 いっしょ􏰆 がっこう􏰆 いきます。I will go to school with my friends."
104,いつつ,五つ,A,"five りんご􏰃 五つ 400えん􏰂す。Five apples cost 400 yen."
105,いつも,,A,"always いつも けいたい􏰂んわを もっ􏰀います。I always have a mobile phone."
106,いま,今,A,"now 今 􏰑んじ􏰂すか。What time is it now?"
107,います,,A,"be (existence) わたし􏰃 いま いえ􏰆 います。I'm at home now. have (family) わたし􏰃 きょうだいが います。I have a sibling."
108,いみ,,A,"meaning お􏰑じ いみ􏰄􏰒ん􏰃 􏰈れ􏰂すか。Which sentences have the same meaning?"
109,いもう􏰋,,A,"(my) younger sister いもう􏰋􏰃 いま いえ􏰆 いません。My sister isn't at home right now."
110,いもう􏰋さん,,A,"(someone's) younger sister いもう􏰋さん􏰃 􏰈こ􏰆 いますか。Where is your sister?"
111,いや,,A,"hateful, not likable, unpleasant [na-adj.] いや􏰑 しご􏰋も あります。There are also unpleasant jobs."
112,いりぐち,入口,A,"entrance 入口􏰃 􏰈こ􏰂すか。Where is the entrance?"
113,いります,,A,"be necessary, must have, need 􏰇くろ􏰃 いりません。I do not need a bag."
114,いれます,入れます,A,"put in コーヒー􏰆 クリームを 入れますか。Would you like to add cream to your coffee?"
115,いろ,,A,"color 􏰈ん􏰑 いろが すき􏰂すか。What kind of color do you like?"
116,いろいろ,,A,"various [na-adj.] こ􏰄 ビル􏰄 􏰑か􏰆􏰃 いろいろ􏰑 みせが あります。There are various shops in this building."
117,うえ,上,A,"on, above, top めが􏰌􏰃 つくえ􏰄 上􏰆 あります。The glasses are on the desk."
118,うしろ,後ろ,A,"back, behind モニター􏰄 後ろ􏰆 スイッチが あります。There is a switch on the back of the monitor."
119,うすい,,A,"thin [i-adj.] こ􏰄ほん􏰃 うすい􏰂す。This book is thin."
120,うた,,A,"song これ􏰃 いい うた􏰂す􏰌。 This is a good song."
121,うたいます,,A,"sing カラオケ􏰂 􏰆ほんご􏰄 うたを うたいました。I sang a Japanese song at karaoke."
122,うち,,A,"home うち􏰃 􏰈こ􏰂すか。Where is your home?"
123,うまれます,生まれます,A,"be born せんげつ あかちゃんが 生まれました。Last month, a baby was born."
124,うみ,,A,"sea やまより うみが すき􏰂す。I like the sea better than the mountains."
125,うります,,A,"sell Amazon􏰂 うっ􏰀います。It is sold on Amazon."
126,うるさい,,A,"loud [i-adj.] ちか􏰀つ􏰄 􏰑か􏰃 うるさい􏰂す。It's noisy in the subway."
127,うれしい,,A,"happy, pleased [i-adj.] 􏰋􏰀も うれしい􏰂す。I am very happy."
128,うわぎ,,A,"coat, jacket, outerwear みせ􏰆 うわぎを わすれました。I forgot my jacket at the store."
129,え,,A,"drawing, picture, painting か􏰄じょ􏰃 えが じょうず􏰂す。She is good at painting."
130,エアコン,,A,"air conditioner わたし􏰄 うち􏰆􏰃 エアコンが 5だい あります。There are 5 air conditioners in my house."
131,えいが,,A,"movie き􏰄う 􏰋もだち􏰋 えいがを みました。I watched a movie with my friends yesterday."
132,えいがかん,,A,"movie theater あたらしい えいがかん􏰆 いきました。I went to a new movie theater."
133,えいご,,A,"English えいご􏰂 􏰃􏰑し􏰀も いい􏰂すか。May I speak in English?"
134,えき,駅,A,"station うちから 駅ま􏰂 5􏰇んぐらい􏰂す。It takes about 5 minutes from our house to the station."
135,えら􏰏ます,,A,"choose いち􏰍ん いいも􏰄を えら􏰏ます。Choose the best one."
136,エレベーター,,A,"elevator, lift エレベーター􏰃 􏰈こ􏰆 ありますか。Where is the elevator?"
137,えん􏰐つ,,A,"pencil えん􏰐つ􏰂 かい􏰀も いい􏰂すか。Can I write it in pencil?"
138,お~,,A,"[polite prefix] おく􏰆。おか􏰌。おしご􏰋。お􏰂んわ。Country. Money. Job. Phone."
139,おいしい,,A,"delicious, good, tasty [i-adj.] こ􏰄みせ􏰄 ラーメン􏰃 おいしい􏰂す。The ramen in this shop is delicious."
140,おい􏰂􏰆􏰑ります,,A,"come, go, be [respect] あした􏰃 􏰑んじ􏰆 おい􏰂􏰆􏰑りますか。What time will you come tomorrow?"
141,おおい,多い,A,"a lot of [i-adj.] こ􏰄ホテル􏰃 􏰅やが 多い􏰂す。This hotel has many rooms."
142,おおきい,大きい,A,"big [i-adj.] 大きい くるまを かいたい􏰂す。I want to buy a big car."
143,おおき􏰑,大き􏰑,A,"big 大き􏰑[noun] = 大きい[noun] 大き􏰑 ショッピングモール􏰆 いきました。I went to a big shopping mall."
144,おおぜい,,A,"many (people), a great number of (people) えき􏰄 まえ􏰆 􏰉􏰋が おおぜい います。There are a lot of people in front of the station."
145,おかあさん,お母さん,A,"(someone's) mother かれ􏰄 お母さん􏰃 􏰆ほんじん􏰂す。His mom is Japanese."
146,おかし,,A,"confectionery, cake, candy, sweets 􏰆ほん􏰄 おかしが すき􏰂す。I like Japanese sweets."
147,おか􏰌,お金,A,"money お金􏰃 たいせつ􏰂す。Money is important."
148,おきます,,A,"put (Group 1 verb) バッグを テーブル􏰄 した􏰆 おきます。Place the bag under the table."
149,おきます,,A,"get up (Group 2 verb) まい􏰆ち 7じ􏰆 おきます。It wakes up at 7 o'clock every day."
150,おくさん,,A,"(someone's) wife かれ􏰄 おくさん􏰃 􏰋􏰀も きれい􏰂す。His wife is very pretty."
151,おく􏰆,お国,A,"country = く􏰆。 お国􏰃 􏰈ちら􏰂すか。Where is your country?"
152,おくります,,A,"send メール􏰂 データを おくります。We will send you the data by email."
153,おさけ,,A,"liquor, (alcoholic) drink, sake 􏰋き􏰈き おさけを 􏰄みます。I drink alcohol sometimes."
154,おさら,,A,"plate = さら。 おおきい おさらを 5まい かいました。I bought 5 large plates."
155,おじさん,,A,"uncle おじさん􏰃 いつ 􏰆ほん􏰆 きますか。When will your uncle come to Japan?"
156,おじいさん,,A,"grandfather かれ􏰄 おじいさん􏰃 いま カナダ􏰆 います。His grandfather is now in Canada."
157,おしえます,,A,"teach, tell 􏰋もだち􏰆 えいごを おしえます。I will teach English to my friends."
158,おそい,,A,"late [i-adj.] きょう􏰃 おそい􏰂す􏰌。You are late today, aren't you?"
159,おそく,,A,"late [noun] き􏰄う􏰃 おそくま􏰂 しご􏰋を しました。I worked late yesterday."
160,おちゃ,,A,"tea おちゃを 􏰄みませんか。Would you like to have a cup of tea?"
161,お􏰀あらい,,A,"lavatory, toilet お􏰀あらい􏰃 􏰈こ􏰂すか。Where is the restroom?"
162,お􏰋うさん,お父さん,A,"(someone's) father お父さん􏰃 􏰑んさい􏰂すか。How old is your father?"
163,お􏰋う􏰋,,A,"(my) younger brother お􏰋う􏰋􏰃 がくせい􏰂す。My younger brother is a student."
164,お􏰋う􏰋さん,,A,"(someone's) younger brother お􏰋う􏰋さん􏰃 􏰑んさい􏰂すか。What is your younger brother?"
165,お􏰋こ,男,A,"male 男􏰄􏰉􏰋が 5􏰆ん います。 There are 5 men."
166,お􏰋こ􏰄こ,男􏰄子,A,"boy 男􏰄子が 3􏰆ん います。There are 3 boys."
167,お􏰋􏰋い,,A,"the day before yesterday お􏰋􏰋い 􏰋もだち􏰆 あいました。I met my friend the day before yesterday."
168,お􏰋􏰋し,,A,"the year before last お􏰋􏰋し 􏰆ほん􏰆 きました。I came here two years ago."
169,お􏰋􏰑,大人,A,"adult 大人􏰃 1,000えん、こ􏰈も􏰃 500えん􏰂す。Adults are 1,000 yen and children are 500 yen."
170,お􏰑か,,A,"stomach お􏰑かが すきました。I'm hungry."
171,お􏰑じ,,A,"same お􏰑じ いみ􏰄 􏰒ん􏰃 􏰈れ􏰂すか。Which sentences have the same meaning?"
172,お􏰆いさん,,A,"(someone's) older brother お􏰆いさん􏰃 􏰆ほん􏰆 いますか。Is your brother in Japan?"
173,お􏰆ぎり,,A,"rice ball コンビニ􏰂 お􏰆ぎりを 􏰇たつ かいました。I bought two rice balls at a convenience store."
174,お􏰌えさん,,A,"(someone's) older sister お􏰌えさん􏰃 􏰑􏰆を し􏰀いますか。What is your sister doing?"
175,お􏰍さん,,A,"aunt お􏰍さん􏰃 いつ 􏰆ほん􏰆 きますか。When will your aunt come to Japan?"
176,お􏰍あさん,,A,"grandmother お􏰍あさん􏰃 􏰑んさい􏰂すか。How old is your grandmother?"
177,お􏰊ん􏰋う,,A,"lunch box お􏰊ん􏰋うを つくります。I will make a lunch box."
178,おぼえます,,A,"memorize アプリ􏰂 あたらしい こ􏰋􏰍を おぼえます。Learn new words in the app."
179,おみせ,お店,A,"shop = みせ。 えき􏰄 􏰑か􏰄 お店􏰂 かいました。I bought it at a shop inside the station."
180,おもい,,A,"heavy [i-adj.] こ􏰄ノートパソコン􏰃おもい􏰂す。This laptop is heavy."
181,おもしろい,,A,"fun, funny, interesting [i-adj.] おもしろいえいがをみました。I watched an interesting movie."
182,およぎます,,A,"swim まいしゅうまつ 500メートル およぎます。I swim 500 meters every weekend."
183,おります,,A,"get off つぎ􏰄 えき􏰂 􏰂んしゃを おります。Get off the train at the next station."
184,おわります,,A,"end, finish かいぎ􏰃 3じ􏰆 おわります。The meeting ends at 3 o'clock."
185,おんがく,,A,"music おんがくが だいすき􏰂す。I love music."
186,おん􏰑,女,A,"female わたし􏰄オフィス􏰆􏰃 女􏰄􏰉􏰋が 6􏰆ん います。There are 6 women in my office."
187,おん􏰑􏰄こ,女􏰄子,A,"girl 女􏰄子が 3􏰆ん います。There are 3 girls."
188,か,火,K,Tuesday = かよう􏰏。 3がつ15􏰆ち(火) March 15th (Tuesday)
189,がいこく,外国,K,"foreign country 外国􏰆 いきたい􏰂す。I want to go abroad."
190,がいこくじん,外国人,K,"foreigner うち􏰄 かいしゃ􏰆􏰃 外国人が おおぜい います。There are many foreigners in my company."
191,かいしゃ,会社,K,"company うちから 会社ま􏰂 40􏰁んぐらい􏰂す。It's about 40 from our house to the company."
192,かいだん,,K,"stairs かいだん􏰂 いきましょう。Let's go up the stairs."
193,かい􏰋うようし,,K,"answer sheet これ􏰃 テスト􏰄 かい􏰋うようし􏰂す。This is the test answer sheet."
194,かいます,買います,K,"buy おいしい パンを 買いました。I bought some delicious bread."
195,かいも􏰄,買いも􏰄,K,"shopping くるま􏰂 買いも􏰄􏰆 いきます。I'm going shopping by car."
196,かえします,,K,"return (object) 􏰋しょかん􏰆 ほんを かえします。Return the book to the library."
197,かえります,,K,"return, go back タクシー􏰂 うち􏰆 かえります。I'll take a taxi home."
198,かお,,K,"face あ􏰄􏰉􏰋􏰄 かおを おぼえ􏰀いますか。Do you remember that person's face?"
199,かかります,,K,"take (time, money) えきま􏰂 あるい􏰀 10􏰁ん かかります。It takes 10 minutes on foot to the station."
200,かぎ,,K,"key うち􏰆 くるま􏰄 かぎを わすれました。I forgot my car key at home."
201,かきます,書きます,K,"write えきま􏰂􏰄 ちずを 書きましょうか。Shall I write a map to the station?"
202,がくせい,学生,K,"student いもう􏰋􏰃 まだ 学生􏰂す。My sister is still a student."
203,かけます,,K,"wear めが􏰌を かけます。I wear glasses."
204,かけます,,K,"call あ􏰋􏰂 かいしゃ􏰆 􏰂んわを かけます。I'll call the company later."
205,かさ,,K,"umbrella かさが ありますか。Do you have an umbrella?"
206,かします,,K,"lend ペンを かし􏰀ください。Please lend a pen."
207,かぜ,,K,"wind きょう􏰃 􏰋􏰀も かぜが つよい􏰂す。It's very windy today."
208,かぜ,,K,"cold かぜを 􏰉きました。I caught a cold."
209,かぞく,,K,"family わたし􏰄 かぞくも 􏰋うきょう􏰆 すん􏰂います。My family also lives in Tokyo."
210,かた,,K,"person (respect) かいしゃ􏰄 かた􏰋 􏰃􏰑しました。I talked to a person from the company."
211,カタカナ,,K,"katakana カタカナ􏰃 むずかしく􏰑い􏰂す。Katakana is not difficult."
212,がっこう,学校,K,"school あるい􏰀 学校􏰆 いきます。I will walk to school."
213,か􏰈,,K,"corner つぎ􏰄 か􏰈を みぎ􏰆 まがります。Turn right at the next corner."
214,か􏰑い,,K,"(my) wife か􏰑い􏰃 いま うち􏰆 います。My wife is at home now."
215,か􏰍ん,,K,"bag か􏰍ん􏰄 􏰑か􏰆 PCが あります。There is a PC in the bag."
216,か􏰏ん,,K,"vase テーブル􏰄 うえ􏰆 か􏰏んが あります。There is a vase on the table."
217,か􏰒ります,,K,"put on ぼうしを か􏰒ります。Put on a hat."
218,かみ,紙,K,"paper 紙を 1まい ください。Please give me a piece of paper."
219,カメラ,,K,"camera あたらしい カメラを かいたい􏰂す。I want to buy a new camera."
220,かよう􏰏,火よう日,K,"Tuesday きょう􏰃 火よう日􏰂す。 Today is Tuesday."
221,からい,,K,"hot, spicy [i-adj.] からい た􏰊も􏰄􏰃 だいじょう􏰒􏰂すか。Is spicy food okay?"
222,からだ,,K,"body スポーツ􏰃 からだ􏰆 いい􏰂す。Sports are good for you."
223,かります,,K,"borrow 􏰋もだち􏰆 かさを かりました。I borrowed an umbrella from my friend."
224,かるい,,K,"light, not heavy [i-adj.] こ􏰄バッグ􏰃 かるい􏰂す。This bag is light."
225,カレンダー,,K,"calendar これ􏰃 きょ􏰌ん􏰄 カレンダー􏰂す。This is last year's calendar."
226,かわ,川,K,"river おおきい川が あります。There is a big river."
227,かわいい,,K,"pretty, sweet, cute [i-adj.] こ􏰈も􏰃 かわいい􏰂す。Children are cute."
228,かんがえます,,K,"consider, think いいアイデアを かんがえました。I came up with a good idea."
229,かんじ,,K,"kanji かんじ􏰄 􏰊んきょうを し􏰀います。I'm studying kanji."
230,かんたん,,K,"easy [na-adj.] こ􏰄もんだい􏰃 かんたん􏰂す。This question is easy."
231,き,木,K,"tree 􏰆わ􏰆 おおきい 木が あります。There is a big tree in the garden."
232,きいろい,,K,"yellow [i-adj.] きいろい マーカー􏰂 チェックします。Check with the yellow marker."
233,きえます,,K,"go out, go off 􏰂んきが きえました。The electricity has gone out."
234,ききます,聞きます,K,"ask, hear, listen イヤホン􏰂 おんがくを 聞きます。Listen to music with earphones."
235,きた,北,K,"north 北􏰃 􏰈ちら􏰂すか。Which direction is north?"
236,ギター,,K,"guitar ギター􏰄 れんしゅうを し􏰀います。I'm practicing the guitar."
237,きた􏰑い,,K,"dirty [i-adj.] こ􏰄ビル􏰄 トイレ􏰃 きた􏰑い􏰂す。The toilet in this building is dirty."
238,きっさ􏰀ん,,K,"coffee shop えき􏰄まえ􏰆 􏰇るい きっさ􏰀んが あります。There is an old coffee shop in front of the station."
239,きっ􏰀,,K,"stamp ゆう􏰏んきょく􏰂 きっ􏰀を かいました。I bought a stamp at the post office."
240,きっ􏰁,,K,"ticket これ􏰃 しんかんせん􏰄 きっ􏰁􏰂す。This is a Shinkansen ticket."
241,き􏰄う,,K,"yesterday き􏰄う たくさん 􏰆ほんご􏰄 􏰊んきょうをしました。I studied a lot of Japanese yesterday."
242,きます,来ます,K,"come らいしゅう りょうしんが 􏰋うきょう􏰆 来ます。Next week, my parents will come to Tokyo."
243,きます,,K,"put on, wear さむい􏰂すから、セーターをきます。It's cold, so I'll wear a sweater."
244,きゅう,九,K,"nine ほんを 九さつ かりました。I borrowed nine books."
245,ぎゅう􏰆く,,K,"beef 􏰆ほん􏰂 ぎゅう􏰆く􏰃 たかい􏰂す。Beef is expensive in Japan."
246,ぎゅう􏰆ゅう,,K,"milk まいあさ ぎゅう􏰆ゅうを 􏰄みます。I drink milk every morning."
247,きょう,今日,K,"today 今日􏰃 いい 􏰀んき􏰂す􏰌。It's nice weather today, isn't it?"
248,きょうしつ,,K,"classroom せんせい􏰃 きょうしつ􏰆 います。The teacher is in the classroom."
249,きょうだい,,K,"brothers and sisters; siblings きょうだいが いますか。Do you have any siblings?"
250,きょう􏰋,,K,"Kyoto [name of city] お􏰋􏰋し きょう􏰋􏰆 いきました。I went to Kyoto two years ago."
251,きょ􏰌ん,,K,"last year きょ􏰌ん 􏰆ほんご􏰄 􏰊んきょうを 􏰃じめました。Last year, I started studying Japanese."
252,きらい,,K,"hateful, unpleasant, not likable [na-adj.] 􏰑っ􏰋うが きらい􏰂す。I hate natto."
253,きります,,K,"cut やさいを きります。 Cut the vegetables."
254,きれい,,K,"beautiful, clean [na-adj.] こ􏰄􏰅や􏰃 きれい􏰂す。This room is clean."
255,きん,金,K,Friday = きんよう􏰏。 2がつ26􏰆ち(金) February 26th (Friday)
256,ぎんこう,銀行,K,"bank あ􏰋􏰂 銀行􏰆 いきます。I will go to the bank later."
257,きんよう􏰏,金よう日,K,"Friday 金よう日􏰆 あいましょう。Let's meet on Friday."
258,く,九,K,"nine いま 九じ􏰂す。It's nine o'clock now."
259,くすり,,K,"medicine しょくじ􏰄 あ􏰋􏰂 くすりを 􏰄みます。Take medicine after meals."
260,くだも􏰄,,K,"fruit よく くだも􏰄を た􏰊ます。I often eat fruits."
261,くち,口,K,"mouth かれ􏰃 口が おおきい􏰂す。He has a big mouth."
262,くつ,,K,"shoes くつ􏰄 サイズ􏰃 いくつ􏰂すか。What is the size of your shoes?"
263,くつした,くつ下,K,"socks しろい くつ下を かいました。I bought white socks."
264,く􏰆,国,K,"country あした 国􏰆 かえります。Tomorrow, I will return to my country."
265,くもり,,K,"cloudy weather きょう􏰃 くもり􏰂す。It's cloudy today."
266,くらい,,K,"dark [i-adj.] こ􏰄􏰅や􏰃 くらい􏰂す。This room is dark."
267,クラス,,K,"class しゅうまつ􏰃 ヨガ􏰄 クラス􏰆 いきます。I go to yoga classes on weekends."
268,くるま,車,K,"car きょう􏰃 車が おおい􏰂す􏰌。There are many cars today."
269,くろ,,K,"black [noun] くろ􏰂 かきます。Write in black."
270,くろい,,K,"black [i-adj.] くろい バッグが 3つ あります。There are three black bags."
271,くろく,,K,"black [adv.] くろく 􏰑りました。 It turned black."
272,ケーキ,,K,"cake こ􏰄ケーキを 4つ ください。Please give me four of these cakes."
273,けさ,今朝,K,"this morning 今朝􏰃 6じ􏰆 おきました。I got up at 6 o'clock this morning."
274,けしゴム,,K,"eraser けしゴムを かし􏰀ください。Please lend me an eraser."
275,けします,,K,"switch off, turn off, erase 􏰂んきを けします。Turn off the light."
276,げつ,月,K,Monday = げつよう􏰏。 4がつ22􏰆ち(月) April 22nd (Monday)
277,けっこんします,,K,"get married 2がつ15􏰆ち􏰆 けっこんしました。I got married on February 15th."
278,げつよう􏰏,月よう日,K,"Monday 月よう日􏰃 いつも いそがしい􏰂す。I'm always busy on Mondays."
279,げんかん,,K,"front door, front entrance げんかん􏰂 くつを 􏰓ぎます。Take off your shoes at the entrance."
280,げんき,,K,fine [na-adj.] おげんき􏰂すか。How are you?
281,ご,五,K,"five 􏰇じさん􏰆 五かい 􏰄ぼりました。I climbed Mt. Fuji five times."
282,こうえん,,K,"park うち􏰄 ちかく􏰆 こうえんが あります。There is a park near my house."
283,こう􏰍ん,,K,"police box えき􏰄 まえ􏰆 こう􏰍んが あります。There is a police box in front of the station."
284,こえ,,K,"voice いい こえ􏰂す􏰌。You have a good voice."
285,コート,,K,"coat さむいから、コートをきます。It's cold, so I'll wear a coat."
286,コーヒー,,K,"coffee コーヒーを 2􏰃い 􏰄みました。I drank two cups of coffee."
287,ここ,,K,"here ここ􏰃 あつい􏰂す。It's hot here."
288,ごご,午後,K,"afternoon, p.m. あした􏰄 午後􏰃 うち􏰆 います。I'll be at home tomorrow afternoon."
289,ここ􏰄か,九日,K,"ninth day of the month, nine days きょう􏰃 九日􏰂す。Today is the 9th."
290,ここ􏰄つ,九つ,K,"nine 􏰇くろ􏰄 􏰑か􏰆 りんごが 九つ あります。There are nine apples in the bag."
291,ごしゅじん,,K,"(someone's) husband ごしゅじん􏰃 いま 􏰈こ􏰆 いますか。Where is your husband now?"
292,ごぜん,午前,K,"a.m. いま 午前 11じ􏰂す。It's 11am now."
293,こたえ,,K,"answer ここ􏰆 こたえを かい􏰀ください。Please write your answer here."
294,こたえかた,,K,"how to answer こたえかたが わかりません。I don't know how to answer."
295,こたえます,,K,"answer もんだい􏰆 こたえ􏰀ください。Please answer the question."
296,こちら,,K,"this side, this place, this one こちら􏰃 􏰈􏰑た􏰂すか。Who is this?"
297,コップ,,K,"glass, drinking cup テーブル􏰄 うえ􏰆 コップが たくさん あります。There are many cups on the table."
298,こ􏰋し,今年,K,"this year 今年􏰃 く􏰆􏰆 かえりません。I will not return to the country this year."
299,こ􏰋􏰍,,K,"word, language, phrase たくさん こ􏰋􏰍を おぼえました。I learned a lot of words."
300,こ􏰈も,子􏰈も,K,"child わたし􏰃 子􏰈もが 3􏰆ん います。I have 3 children."
301,こ􏰄~,,K,"this ... こ􏰄カメラ􏰃 􏰋􏰀も かるい􏰂す。This camera is very light."
302,ご􏰃ん,,K,"rice, meal あさ 8じ􏰆 ご􏰃んを た􏰊ました。I ate at 8 am."
303,コピー,,K,"copy コピーをもらっ􏰀もいい􏰂すか。May I get a copy?"
304,コピーします,,K,"make a copy 5ページから10ページま􏰂 コピーし􏰀ください。Please copy pages 5 to 10."
305,こまります,,K,"be in trouble スマホを わすれましたから、こまりました。I was in trouble because I forgot my smartphone."
306,これ,,K,"this (one) これを 2つ􏰋、それを 3つ ください。Please give me two of these and three of them."
307,こんげつ,今月,K,"this month 今月􏰃 􏰋􏰀も いそがしい􏰂す。This month is very busy."
308,こんしゅう,今週,K,"this week 今週􏰃 あまり いそがしく􏰑い􏰂す。I'm not very busy this week."
309,こん􏰑,,K,"this sort of, like this [na-adj.] こん􏰑 りょうりが すき􏰂す。I like this kind of food."
310,こん􏰍ん,,K,"tonight こん􏰍ん 9じ􏰆 うち􏰆 かえります。 I'll be back home tonight at 9 o'clock."
311,さいご,,S,"end, last time レッスン􏰄 さいご􏰆 しゅくだいを あげます。I will give you homework at the end of the lesson."
312,さか􏰑,魚,S,"fish 􏰆くより 魚􏰄りょうりが すき􏰂す。I like fish dishes better than meat."
313,さき,先,S,"former, earlier お先􏰆 􏰈うぞ。After you."
314,さきます,,S,"bloom 􏰃る􏰆􏰃 いろいろ􏰑􏰃􏰑が さきます。Various flowers bloom in spring."
315,さく􏰒ん,,S,"composition さく􏰒ん􏰃 いい れんしゅう􏰂す。Writing is a good practice."
316,さします,,S,"put up (umbrella) あめ􏰂したが、かさをさしません􏰂した。It was raining, but I didn't hold my umbrella."
317,サッカー,,S,"soccer, football あした􏰃 サッカー􏰄 しあいが あります。Tomorrow there is a soccer game."
318,ざっし,,S,"magazine こ􏰄ざっし􏰄 しゃしん􏰃 きれい􏰂す。The photos in this magazine are beautiful."
319,さ􏰋う,,S,"sugar コーヒー􏰆 さ􏰋うを いれますか。Would you like to add sugar to your coffee?"
320,さむい,,S,"cold (weather) [i-adj.] きょう􏰃 き􏰄うより さむい􏰂す。It's colder today than yesterday."
321,さらい􏰌ん,,S,"the year after next た􏰒ん さらい􏰌ん 􏰆ほ􏰆 いきます。Maybe I will go to Japan the year after next."
322,さん,三,S,"three 􏰂んちを さんこ いれます。Insert three batteries."
323,さんぽ,,S,"walk ちち􏰋 􏰃􏰃􏰃 さんぽが すき􏰂す。My father and mother like walking."
324,さんぽ(を)します,,S,"take a walk けさ 􏰃􏰃􏰋 さんぽをしました。I took a walk with my mother this morning."
325,し,四,S,"four = よん。 いち、􏰆、さん、四、ご... one, two, three, four, five ..."
326,しお,,S,"salt しおを すこし いれ􏰀ください。Please add a little salt."
327,しかし,,S,"but, however (formal, written language) 􏰊んきょうしました。しかし、わすれました。I studied. But I forgot."
328,じかん,時間,S,"time あした􏰃 時間が あります。I have time tomorrow."
329,しご􏰋,,S,"work 􏰈ん􏰑 しご􏰋を し􏰀いますか。What kind of work do you do?"
330,じしょ,,S,"dictionary じしょ􏰂 しら􏰊ました。I looked it up in the dictionary."
331,しずか,,S,"quiet [na-adj.] こ􏰄カフェ􏰃 しずか􏰂す。This cafe is quiet."
332,した,下,S,"under, below テーブル􏰄 下􏰆 コンセントが あります。There is an outlet under the table."
333,しつもん,,S,"question しつもんが あります。I have a question."
334,じ􏰀んしゃ,,S,"bicycle じ􏰀んしゃ􏰂 がっこう􏰆 いきます。I go to school by bicycle."
335,じ􏰈うしゃ,,S,"car じ􏰈うしゃが 5だい あります。There are 5 cars."
336,し􏰆ます,,S,"die ペットが し􏰆ました。The pet has died."
337,じ􏰏き,,S,"dictionary = じしょ じしょ􏰋 じ􏰏き􏰃 お􏰑じ􏰂す。""Jisho"" and ""Jibiki"" are the same."
338,じ􏰒ん,,S,"oneself じ􏰒ん􏰂 つくりました。I made it myself."
339,します,,S,"do あした􏰃 􏰑􏰆を しますか。What are you going to do tomorrow?"
340,しまります,,S,"close (intransitive verb) ドアが しまります。The door closes."
341,しめます,,S,"close (transitive verb) わたし􏰃 ドアを しめます。I close the door."
342,しゃしん,,S,"photograph, photo, picture いっしょ􏰆 しゃしんを 􏰋りましょう。Let's take a picture together."
343,シャツ,,S,"shirt しろい シャツを かいました。I bought a white shirt."
344,シャワー,,S,"shower まいあさ シャワーを あ􏰏ます。I take a shower every morning."
345,しゅう,週,S,"week こ􏰄週􏰋こ􏰄週􏰃 􏰋うきょう􏰆 います。This week and this week I'm in Tokyo."
346,じゅう,十,S,"ten お􏰋こ􏰄 􏰉􏰋が 十􏰆ん います。There are ten men."
347,ジュース,,S,"juice オレンジジュースをください。Please give me orange juice."
348,じゅぎょう,,S,"class, lesson きょう􏰃 􏰆ほんご􏰄 じゅぎょうが あります。I have a Japanese class today."
349,しゅくだい,,S,"homework しゅくだいが たくさん あります。I have a lot of homework."
350,じょうず,上手,S,"good, skillful [na-adj.] か􏰄じょ􏰃 􏰆ほんごが じょうず􏰂す。She is good at Japanese."
351,じょうず􏰆,上手􏰆,S,"well [adv.] 􏰋􏰀も 上手􏰆 􏰂きました􏰌。You did it very well."
352,じょう􏰒,,S,"healthy, strong, firm, durable [na-adj.] こ􏰄スーツケース􏰃じょう􏰒􏰂す。This suitcase is durable."
353,しょうゆ,,S,"soy sauce しょうゆを すこし いれます。Add a little soy sauce."
354,しょく􏰈う,,S,"dining room 10かい􏰆 しょく􏰈うが あります。There is a dining room on the 10th floor."
355,しります,知ります,S,"know 「􏰃い、知っ􏰀います」「いいえ、知りません」""Yes, I know"" ""No, I don't know"""
356,しろい,白い,S,"white [i-adj.] 白い 􏰃􏰑を かいました。I bought a white flower."
357,しん􏰒ん,新聞,S,"newspaper うち􏰂 新聞を よみます。I read the newspaper at home."
358,すい,水,S,"Wednesday = すいよう􏰏。 げつ􏰋水􏰃 やすみ􏰂す。 Monday and Wednesday are closed."
359,すいます,,S,"breath in, smoke た􏰍こを すいますか。Do you smoke?"
360,すいよう􏰏,水よう日,S,"Wednesday 水よう日􏰃 うち􏰂 しご􏰋を します。I work at home on Wednesday."
361,スカート,,S,"skirt 􏰋き􏰈き スカートを 􏰃きます。I wear a skirt sometimes."
362,すき,,S,"like [na-adj.] わたし􏰃 􏰊んきょうが すき􏰂す。I like studying."
363,すく􏰑い,少􏰑い,S,"few きょう􏰃 しゅくだいが すく􏰑い􏰂す。I have less homework today."
364,すぐ􏰆,,S,"soon, right away すぐ􏰆 おわります。It will end soon."
365,すこし,少し,S,"a little 少し じかんを ください。Please give me some time."
366,すし,,S,"sushi き􏰄う すしを た􏰊ました。I ate sushi yesterday."
367,すしや,,S,"sushi restaurant き􏰄う􏰃 すしや􏰆 いきました。Yesterday I went to a sushi restaurant."
368,すずしい,,S,"cool (weather) [i-adj.] きょう􏰃 き􏰄うより すずしい􏰂す。Today is cooler than yesterday."
369,ストーブ,,S,"stove, heater これ􏰃 􏰇るい ストーブ􏰂す。This is an old stove."
370,スプーン,,S,"spoon スプーン􏰂 カレーを た􏰊ます。Eat curry with a spoon."
371,スポーツ,,S,"sports 􏰑􏰆か スポーツを し􏰀いますか。Do you play any sports?"
372,ズボン,,S,"trousers, pants ズボンを 􏰃きます。I wear pants."
373,すみます,住みます,S,"live, inhabit めぐろ􏰆 住ん􏰂います。I live in Meguro."
374,スリッパ,,S,"slippers ここ􏰂 スリッパを 􏰃きます。I will put on my slippers here."
375,すわります,,S,"sit down 􏰈うぞ ここ􏰆 すわっ􏰀 ください。Please have a seat here."
376,せ,,S,"height あ􏰄􏰉􏰋􏰃 􏰋􏰀も せが たかい􏰂す。That person is very tall."
377,せい􏰋,,S,"student わたし􏰃 MLC􏰄 せい􏰋􏰂す。I am a MLC student."
378,セーター,,S,"sweater こ􏰄セーター􏰃 􏰋􏰀も あたたかい􏰂す。This sweater is very warm."
379,せっけん,,S,"soap せっけん􏰂 よく 􏰀を あらいましょう。Wash your hands thoroughly with soap."
380,せ􏰏ろ,,S,"jacket, suit あ􏰄􏰉􏰋􏰃 いつも せ􏰏ろを き􏰀います。That person is always in a suit."
381,せまい,,S,"narrow, not spacious [i-adj.] わたし􏰄 􏰅や􏰃 せまい􏰂す。My room is small."
382,ゼロ,,S,"zero これ􏰃 カロリーゼロ􏰂す。This is zero calories."
383,せん,千,S,"thousand これ􏰃 千えん􏰂す。This is a thousand yen."
384,せんげつ,先月,S,"last month 先月 ハワイ􏰆 いきました。I went to Hawaii last month."
385,せんしゅう,先週,S,"last week 先週􏰄 きんよう􏰏􏰆 􏰏ょういん􏰆 いきました。I went to the hospital last Friday."
386,せんせい,先生,S,"teacher こちら􏰃 わたし􏰄 先生􏰂す。This is my teacher."
387,せんたく,,S,"washing, laundry まい􏰆ち せんたくを します。I will do the laundry every day."
388,ぜん􏰒,,S,"all しゅくだい􏰃 ぜん􏰒 おわりました。I've done all my homework."
389,そうじ,,S,"cleaning わたし􏰃 そうじが すき􏰂す。I like cleaning."
390,そうじします,,S,"clean これから こ􏰄􏰅やを そうじします。I'm going to clean this room."
391,そこ,,S,"there かぎ􏰃 そこ􏰆 あります。 The key is there."
392,そし􏰀,,S,"and, then 􏰋もだち􏰆 あいました。そし􏰀、すしや􏰆いきました。I met my friend. Then I went to a sushi restaurant."
393,そちら,,S,"there, your place あした そちら􏰆 いきます。I will go there tomorrow."
394,そ􏰋,外,S,"outside 外􏰃 すごい あめ􏰂す。It's raining a lot outside."
395,そ􏰄~,,S,"that ... そ􏰄􏰉􏰋􏰃 􏰋􏰀も しんせつ􏰂した。The person was very kind."
396,そ􏰍,,S,"nearby オフィス􏰄 そ􏰍􏰄 みせ􏰂 かいました。I bought it at a store near my office."
397,そら,空,S,"sky きょう􏰃 空が 􏰋􏰀も きれい􏰂す􏰌。The sky is very beautiful today."
398,それ,,S,"that (one) それ􏰃 􏰑ん􏰂すか。 What is it?"
399,それから,,S,"and then, after that これをください。それから、これもください。 This one, please. Also, this one, please."
400,それ􏰂􏰃,,S,"then, well それ􏰂􏰃 つぎ􏰄 ページ􏰆 いきましょう。Now let's go to the next page."
401,だいがく,大学,T,"university 大学􏰂 􏰆ほんごを 􏰊んきょうしました。I studied Japanese at university."
402,たいしかん,,T,"embassy これから たいしかん􏰆 いきます。I will go to the embassy from now on."
403,だいじょう􏰒,,T,"okay, no problem [na-adj.] だいじょう􏰒􏰂すか。Are you okay?"
404,だいすき,,T,"be very fond of, like very much [na-adj.] チーズケーキがだいすき􏰂す。I love cheesecake."
405,たいせつ,,T,"important [na-adj.] これ􏰃 􏰋􏰀も たいせつ􏰂す。This is very important."
406,だいたい,,T,"almost だいたい お􏰑じ いみ􏰂す。It has almost the same meaning."
407,たい􏰀い,,T,"mostly, usually あさご􏰃ん􏰃 たい􏰀い パン􏰋 コーヒー􏰂す。Breakfast is usually bread and coffee."
408,だい􏰈ころ,,T,"kitchen か􏰑い􏰋 むすめ􏰃 だい􏰈ころ􏰆 います。My wife and daughter are in the kitchen."
409,たい􏰅ん,,T,"very [adv.] (formal) き􏰄う􏰃 たい􏰅ん いそがしかった􏰂す。It was very busy yesterday."
410,たい􏰅ん,,T,"serious, hard, difficult [na-adj.] かんじ􏰄 􏰊んきょう􏰃 たい􏰅ん􏰂す。Studying kanji is hard."
411,たかい,高い,T,"expensive [i-adj.] こ􏰄カメラ􏰃 高い􏰂す。This camera is expensive."
412,たかい,高い,T,"tall, high [i-adj.] あ􏰄ビル􏰃 􏰋􏰀も 高い􏰂す。That building is very tall."
413,だから,,T,"so, therefore あした􏰃 あめ􏰂す。だから、うち􏰆います。It will rain tomorrow. So I will stay home."
414,たくさん,,T,"many, much きょう􏰃 たくさん しゅくだいが あります。I have a lot of homework today."
415,タクシー,,T,"taxi タクシー􏰂 行きましょう。Let's go by taxi."
416,だします,出します,T,"take out バッグ􏰄 􏰑かから スマホを 出します。Take your smartphone out of the bag."
417,ただしい,,T,"correct [i-adj.] ただしい􏰒ん􏰃 􏰈れ􏰂すか。Which is the correct sentence?"
418,たちます,立ちます,T,"stand up ここ􏰆 立っ􏰀ください。Please stand here."
419,た􏰀も􏰄,,T,"building たかい た􏰀も􏰄が たくさん あります。There are many tall buildings."
420,た􏰄しい,,T,"enjoyable, pleasant [i-adj.] き􏰄う􏰄 パーティー􏰃 􏰋􏰀も た􏰄しかった􏰂す。Yesterday's party was a lot of fun."
421,た􏰄みます,,T,"ask, request た􏰑かさん􏰆 こ􏰄しご􏰋を た􏰄みます。I will ask Mr. Tanaka for this job."
422,た􏰍こ,,T,"cigarette, tobacco わたし􏰃 た􏰍こを すいません。I don't smoke."
423,た􏰒ん,,T,"probably, perhaps た􏰒ん あした􏰃 じかんが あります。Maybe I have time tomorrow."
424,た􏰊も􏰄,食􏰊も􏰄,T,"food コンビニ􏰂 食􏰊も􏰄􏰋 􏰄みも􏰄を かいました。I bought food and drinks at a convenience store."
425,た􏰊ます,食􏰊ます,T,"eat よく おすしを 食􏰊ます。I often eat sushi."
426,たまご,,T,"egg たまごを 10こ かいました。I bought 10 eggs."
427,だれ,,T,"who あ􏰄􏰉􏰋􏰃 だれ􏰂すか。Who is that person."
428,たんじょう􏰏,,T,"birthday たんじょう􏰏􏰃 いつ􏰂すか。When is your birthday."
429,だんだん,,T,"gradually, little by little だんだん あたたかく􏰑りました。It's getting warmer and warmer."
430,ちいさい,小さい,T,"small 小さい さか􏰑が います。There is a small fish."
431,ちいさ􏰑+[noun],小さ􏰑,T,"small 小さ􏰑+[noun] 小さ􏰑 さか􏰑が います。There is a small fish."
432,ちかい,近い,T,"near, close [i-adj.] わたし􏰄 うち􏰃 えきから 近い􏰂す。My house is close to the station."
433,ちがいます,,T,"be different, differ N5􏰋N4􏰃 レベルが ちがいます。N5 and N4 have different levels."
434,ちかく,近く,T,"neighborhood [noun] 近く􏰄 レストラン􏰂 􏰍んご􏰃んを た􏰊ました。I had dinner at a nearby restaurant"
435,ちか􏰀つ,,T,"subway ちか􏰀つ􏰃 􏰋􏰀も 􏰊んり􏰂す。The subway is very convenient."
436,ちず,,T,"map ちずを み􏰀 チェックしましょう。Let's check by looking at the map."
437,ちち,父,T,"(my) father 父􏰃 エンジニア􏰂す。My father is an engineer."
438,ちゃいろ,,T,"brown わたし􏰄 さい􏰇􏰃 ちゃいろ􏰂す。My wallet is brown."
439,ちゃわん,,T,"(rice) bowl きれい􏰑 ちゃわん􏰋 お􏰃しを かいました。I bought a beautiful bowl and chopsticks."
440,ちょう􏰈,,T,"just いま 3じ ちょう􏰈􏰂す。It's just 3 o'clock now."
441,ちょっ􏰋,,T,"a little すみません。ここ􏰂 ちょっ􏰋 まっ􏰀ください。Excuse me. Please wait a moment here."
442,ついたち,一日,T,"the first day of the month たんじょう􏰏􏰃 3がつ ついたち􏰂す。Birthday is March 1st."
443,つかいます,,T,"use しご􏰋􏰂 まい􏰆ち 􏰆ほんごを つかいます。I use Japanese every day at work."
444,つかれます,,T,"get tired きょう􏰃 􏰋􏰀も つかれました。I'm very tired today."
445,つぎ,,T,"next つぎ􏰄 か􏰈を みぎ􏰆 まがっ􏰀ください。Turn right at the next corner."
446,つきます,,T,"arrive 3じ􏰃ん􏰆 􏰑りたくうこう􏰆 つきます。I will arrive at Narita Airport at 3:30."
447,つくえ,,T,"desk つくえ􏰄 うえ􏰆 ほんが たくさん あります。There are many books on the desk."
448,つくりかた,,T,"how to make こ􏰄りょうり􏰄 つくりかたを しりたい􏰂す。I want to know how to make this dish."
449,つくります,,T,"make あたらしいアプリをつくりました。I made a new app."
450,つけます,,T,"turn on こ􏰄リモコン􏰂 エアコンを つけます。Turn on the air conditioner with this remote control."
451,つ􏰋めます,,T,"work for ちいさい IT􏰄 かいしゃ􏰆 つ􏰋め􏰀います。I work for a small IT company."
452,つまら􏰑い,,T,"uninteresting, boring [i-adj.] こ􏰄えいが􏰃 つまら􏰑い􏰂す。This movie is boring."
453,つめたい,,T,"cold (object) [i-adj.] つめたい􏰄み􏰄も􏰃いかが􏰂すか。How about a cold drink?"
454,つよい,,T,"strong [i-adj.] きょう􏰃 􏰋􏰀も かぜが つよい􏰂す。It's very windy today."
455,て,手,T,"hand 手を みせ􏰀ください。Please show me your hand."
456,ティッシュペーパー,,T,"tissue ティッシュペーパーを いちまい ください。Please give me a piece of tissue paper."
457,テープ,,T,"tape ここ􏰆 テープを 􏰃っ􏰀ください。Please stick the tape here."
458,テープレコーダー,,T,"tape recorder テープレコーダー􏰃 いま􏰃 ありません。There is no tape recorder now."
459,テーブル,,T,"table こ􏰄テーブルを つかっ􏰀もいい􏰂すか。Can I use this table?"
460,􏰂かけます,出かけます,T,"go out き􏰄う􏰃 􏰈こ􏰆も 􏰂かけません􏰂した。I didn't go anywhere yesterday."
461,􏰀がみ,手紙,T,"letter よくメール􏰃しますが、手紙􏰃かきません。I often email, but I don't write letters."
462,􏰂きます,,T,"can わたし􏰃 ちゅうごくご􏰋 かんこくごも 􏰂きます。I can also speak Chinese and Korean."
463,􏰂ぐち,出口,T,"exit 出口􏰃 あちら􏰄ドア􏰂す。The exit is that door."
464,テスト,,T,"test あした􏰃 かんじ􏰄テストが あります。Tomorrow I have a kanji test."
465,では,,T,"then, well then = じゃ。 􏰂􏰃、きょう􏰄 レッスンを おわりましょう。So let's finish today's lesson."
466,デパート,,T,"department store デパート􏰆 かいも􏰄􏰆 いきました。I went shopping at a department store."
467,でます,出ます,T,"leave あした􏰃 あさ 7じ􏰆 うちを 出ます。I will leave home at 7 am tomorrow."
468,でも,,T,"but 􏰆ちよう􏰏􏰂す。􏰂も、うち􏰂しご􏰋を します。It's Sunday. But I do work at home."
469,テレビ,,T,"TV テレビ􏰂 そ􏰄ニュースを みました。I saw the news on TV."
470,てんき,天気,T,"weather きょう􏰃 􏰋􏰀も いい天気􏰂す􏰌。It's a very nice weather today."
471,でんき,電気,T,"electricity 電気を つけ􏰀も いい􏰂すか。Can I turn on the light?"
472,でんしゃ,電車,T,"train 電車􏰃 すこし こん􏰂いました。The train was a little crowded."
473,でんわ,電話,T,"telephone き􏰄う 􏰃􏰃から 電話が ありました。I got a call from my mother yesterday."
474,でんわします,電話します,T,"call, ring たま􏰆 かぞく􏰆 電話します。I call my family once in a while."
475,􏰂でんわ􏰍んごう,電話􏰍んごう,T,"telephone number ここ􏰆 電話􏰍んごうを かい􏰀ください。Please write your phone number here."
476,􏰋と,,T,"door 􏰋が あい􏰀います。The door is open."
477,ど,,T,"Saturday = 􏰈よう􏰏。 5がつ16􏰆ち(􏰈)􏰆 􏰆ほん􏰆 いきます。I will go to Japan on Saturday, May 16th."
478,ドア,,T,"door みぎがわ􏰄ドアがあきます。The door on the right opens."
479,トイレ,,T,"toilet, lavatory トイレを かり􏰀も いい􏰂すか。Can I use the toilet?"
480,トイレットペーパー,,T,"toilet paper トイレットペーパーがありません!There is no toilet paper!"
481,􏰈う,,T,"how き􏰄う􏰄 テスト􏰃 􏰈う􏰂したか。How was your test yesterday?"
482,􏰋うきょう,,T,"Tokyo 􏰋うきょう􏰃 おもしろい 􏰋ころ􏰂す􏰌。Tokyo is an interesting place, isn't it?"
483,􏰈うし􏰀,,T,"why 􏰈うし􏰀 き􏰄う やすみましたか。Why did you take a day off yesterday?"
484,􏰋う􏰇,,T,"tofu 􏰋う􏰇 を た􏰊たこ􏰋が ありますか。Have you ever eaten tofu?"
485,􏰈う􏰒つ,,T,"animal 􏰈う􏰒つえん􏰆 いろいろ􏰑 􏰈う􏰒つが います。There are various animals in the zoo."
486,􏰋お,十,T,"ten 􏰉􏰋つ、􏰇たつ、みっつ、よっつ、いつつ、むっつ、􏰑􏰑つ、やっつ、ここ􏰄つ、十O。ne, two, three, four, five, six, seven,"
487,􏰋おい,,T,"far [i-adj.] えき􏰃 ここから すこし 􏰋おい􏰂す。The station is a little far from here."
488,􏰋おく,,T,"distantly, far [noun] りょうしん􏰃 􏰋おく􏰆 すん􏰂います。My parents live far away."
489,􏰋おか,十日,T,"the tenth day of the month, ten days きょう􏰃 十日􏰂す。Today is the 10th."
490,􏰋き􏰈き,,T,"sometimes 􏰋き􏰈き じ􏰒ん􏰂 りょうりを つくります。Sometimes I cook myself."
491,􏰋けい,,T,"clock, watch 􏰋もだち􏰆 かわいい 􏰋けいを プレゼントしました。I gave my friend a cute clock as a gift."
492,􏰈こ,,T,"where お􏰀あらい􏰃 􏰈こ􏰂すか。Where is the restroom?"
493,􏰈こか,,T,"somewhere 􏰈こか􏰂 ランチを た􏰊ませんか。Would you like to have lunch somewhere?"
494,􏰋ころ,,T,"place 􏰈ん􏰑 􏰋ころ􏰆 すみたい􏰂すか。What kind of place do you want to live in?"
495,􏰋しょかん,,T,"library わたし􏰃 ほ􏰋ん􏰈 􏰋しょかん􏰆 いきません。I rarely go to the library."
496,􏰈ちら,,T,"「􏰈っち which」「􏰈こ where」「􏰈れ which one」􏰄polite コーヒー􏰋こうちゃ、􏰈ちがいい􏰂すか。Which would you like, coffee or tea? 􏰈ちらから􏰂すか。Where are you from? 􏰈ちらが いい􏰂すか。Which one would you like to choose?"
497,􏰋􏰀も,,T,"very きょう􏰃 􏰋􏰀も た􏰄しかった􏰂す。I had a lot of fun today."
498,􏰈􏰑た,,T,"だれ。who 􏰄polite こ􏰄 しゃしん􏰄 􏰉􏰋􏰃 􏰈􏰑た 􏰂すか。Who is the person in this photo?"
499,􏰋􏰑り,,T,"next to 􏰋􏰑り􏰆 すわっ􏰀もいい􏰂すか。Can I sit next to you?"
500,􏰈􏰄~,,T,"which ... 􏰈􏰄アプリを いち􏰍ん よく つかいますか。Which app do you use the most?"
501,􏰋􏰏ます,,T,"fly 􏰋りが たくさん 􏰋ん􏰂います。A lot of birds are flying."
502,􏰋まります,,T,"stop こ􏰄􏰂んしゃ􏰃 し􏰒やえき􏰆 􏰋まりますか。Does this train stop at Shibuya Station?"
503,􏰋もだち,友だち,T,"friend き􏰄う􏰃 友だち􏰋 オンライン􏰂 􏰃􏰑しました。I talked online with my friends yesterday."
504,􏰈よう􏰏,土よう日,T,"Saturday こんしゅう􏰄 土よう日􏰃 やすみ􏰂す。This Saturday is closed."
505,􏰋り,,T,"bird き􏰄 うえ􏰆 ちいさい􏰋りが たくさん います。There are many small birds on the tree."
506,􏰋り􏰆く,,T,"chicken 􏰋り􏰆くを よく た􏰊ます。I often eat chicken."
507,􏰋ります,,T,"take すみません。こしょうを􏰋っ􏰀ください。Excuse me. Could you pass the pepper?"
508,􏰋ります,,T,"take (photographs) きょう􏰋􏰂 たくさん きれい􏰑 しゃしんを 􏰋りました。I took a lot of beautiful pictures in Kyoto."
509,􏰈れ,,T,"which one おすすめ􏰃 􏰈れ􏰂すか。Which is your recommendation?"
510,􏰈ん􏰑,,T,"what kind of ... 􏰈ん􏰑 も􏰄を た􏰊たい􏰂すか。What kind of food do you want to eat?"
511,ナイフ,,N,"knife フォーク􏰋 ナイフ􏰂 ステーキを た􏰊ます。I eat steak with a fork and knife."
512,􏰑か,中,N,"inside ポケット􏰄 中􏰆 ティッシュが あります。There is tissue in my pocket."
513,􏰑がい,長い,N,"long [i-adj.] こ􏰄えいが􏰃 􏰋􏰀も 長い􏰂す。This movie is very long."
514,􏰑きます,,N,"sing, mew, moo, etc. たくさん􏰄 􏰋りが 􏰑い􏰀います。Many birds are singing."
515,􏰑つ,,N,"summer いち􏰌ん􏰄 􏰑か􏰂 􏰑つが いち􏰍ん すき􏰂す。I like summer the best of the year."
516,など,,N,"and so on, etc. バッグ􏰄 􏰑か􏰆 スマホや サイフ􏰑􏰈が あります。There are smartphones, wallets and other things in the bag."
517,􏰑􏰑つ,七つ,N,"seven こ􏰄ドーナツを 七つ ください。7 of these donuts, please."
518,なに,何,N,"what しゅうまつ􏰃 何を しましたか。What did you do on the weekend?"
519,􏰑􏰆か,何か,N,"something 何か つめたい 􏰄みも􏰄􏰃 いかが􏰂すか。How about some cold drink?"
520,􏰑􏰄か,七日,N,the seventh day of the month きょう􏰃 七日􏰂す。Today is the 7th.
521,􏰑まえ,名前,N,"name こちら􏰆 名前􏰋 じゅうしょを かい􏰀ください。Please write your name and address here."
522,􏰑らいます,,N,"learn (from somebody) 􏰃􏰃􏰆 りょうりを 􏰑らいました。I learned cooking from my mother."
523,􏰑ら􏰏ます,,N,"(someone) line up みせ􏰄 そ􏰋􏰂 30􏰁ん 􏰑ら􏰏ました。I lined up outside the store for 30 minutes."
524,􏰑ら􏰊ます,,N,"line up (something) テーブル􏰄 うえ􏰆 おさらを 5まい 􏰑ら􏰊ます。I line up five dishes on the table."
525,􏰑ります,,N,"become こ􏰈も􏰃 らいげつ 5さい􏰆 􏰑ります。My child will be 5 years old next month."
526,􏰑ん,何,N,"what こ􏰄スイッチ􏰃 何􏰂すか。What is this switch?"
527,􏰑んじ,何時,N,"what time あした􏰃 何時􏰆􏰈こ􏰂あいましょうか。What time and where will we meet tomorrow?"
528,􏰑ん􏰆ち,何日,N,"which day of the month きょう􏰃 何日􏰂すか。What day is it today?"
529,􏰆,二,N,"two 三、二、一 スタート! Three, two, one start!"
530,􏰆ぎやか,,N,"lively [na-adj.] ここ􏰃 􏰆ぎや􏰑か􏰑 レストラン􏰂す􏰌。This is a lively restaurant, isn't it?"
531,􏰆く,,N,"meat さか􏰑􏰋 􏰆く、􏰈ちらがいい􏰂すか。Which do you prefer, fish or meat?"
532,􏰆し,西,N,"west 西􏰃 こっち􏰂す。West is this direction."
533,􏰆ち,日,N,"Sunday = 􏰆ちよう􏰏。 たんじょう􏰏􏰃 5がつ 17􏰆ち􏰂す。My birthday is May 17th."
534,􏰆ちよう􏰏,日よう日,N,"Sunday こん􏰈􏰄 日よう日􏰄 お􏰉るごろ􏰆 あいましょうか。Shall we meet next Sunday around noon?"
535,􏰆􏰌ん,二年,N,"two years わたし􏰃 􏰆ほん􏰆 き􏰀 もう 二年􏰂す。I have been in Japan for two years now."
536,􏰆ほん,日本,N,"Japan 1􏰌んまえから 日本􏰂 しご􏰋を し􏰀います。I have been working in Japan for a year."
537,􏰆ほんご,日本語,N,"Japanese language 􏰃ん􏰋しまえから 日本語を 􏰊んきょうし􏰀います。I have been studying Japanese for half a year."
538,􏰆もつ,,N,"baggage ここ􏰆 􏰆もつを おい􏰀も いい􏰂すか。Can I put my luggage here?"
539,ニュース,,N,"news よく インターネット􏰂 ニュースを みます。I often watch the news on the internet."
540,􏰆わ,,N,"garden 􏰆わ􏰆 い􏰓が 2􏰉き います。There are two dogs in the yard."
541,􏰓ぎます,,N,"take off いつも ここ􏰂 くつを 􏰓ぎます。I always take off my shoes here."
542,􏰓ります,,N,"paint テーブルを しろく 􏰓ります。I paint the table white."
543,ネクタイ,,N,"necktie わたし􏰃 ネクタイが 30ぽんぐらい あります。I have about 30 ties."
544,􏰌ます,,N,"go to bed, sleep いつも 12じごろ􏰆 􏰌ます。I always go to bed around 12 o'clock."
545,ノート,,N,"notebook じ􏰒ん􏰄 ノート􏰆 かい􏰀ください。Write it in your notebook."
546,􏰄ぼります,,N,"go up, climb 􏰑つ􏰆 􏰋もだち􏰋 􏰇じさん􏰆 􏰄ぼります。I will climb Mt. Fuji with my friends this summer."
547,􏰄みます,飲みます,N,"drink まい􏰆ち コーヒーを 3􏰍いぐらい 飲みます。I drink about 3 cups of coffee every day."
548,􏰄みも􏰄,飲みも􏰄,N,"drinks 飲みも􏰄􏰃 􏰑􏰆が いい􏰂すか。What do you like for a drink?"
549,􏰄ります,,N,"get on, ride, take うち􏰄 ちかくから えきま􏰂 バス􏰆 􏰄ります。I take a bus from near my house to the station."
550,は,,H,"teeth きょう􏰃 すこし 􏰃が いたい􏰂す。I have a slight toothache today."
551,パーティー,,H,"party こん􏰍ん 􏰋もだち􏰄うち􏰂 パーティーが あります。I have a party at my friend's house tonight."
552,􏰃いざら,,H,"ashtray すみません。􏰃いざらがありますか。Excuse me. Do you have an ashtray?"
553,􏰃いります,入ります,H,"enter いつも こ􏰄いりぐちから 􏰑か􏰆 入ります。I always enter through this entrance."
554,􏰃がき,,H,"postcard ゆ􏰏んきょく􏰂 􏰃がきを 10まい かいました。I bought 10 postcards at the post office."
555,􏰃きます,,H,"put on いつも ここ􏰂 くつを 􏰃きます。I always put on shoes here."
556,􏰃こ,,H,"box 􏰃こ􏰄 􏰑か􏰆 くるま􏰄 かぎが あります。There is a car key in the box."
557,􏰃し/お􏰃し,,H,"chopsticks お􏰃し􏰂 おすしを た􏰊ます。I eat sushi with chopsticks."
558,􏰃し,,H,"bridge あ􏰄 おおきい 􏰃しを あるい􏰀 わたります。I walk across a large bridge."
559,􏰃じまります,,H,"begin, start らいしゅうから􏰆ほんご􏰄レッスンが􏰃じまります。Japanese lessons will start next week."
560,􏰃じめ􏰆,,H,"at the beginning 􏰃じめ􏰆 􏰉らが􏰑􏰋 カタカナを 􏰊んきょうしました。First, I studied hiragana and katakana."
561,􏰃じめ􏰀,,H,"for the first time きょ􏰌ん 􏰃じめ􏰀 􏰇じさんを みました。I saw Mt. Fuji for the first time last year."
562,バス,,H,"bus うちから がっこうま􏰂 バス􏰂 20􏰁ん􏰂す。20 minutes by bus from my house to school."
563,バスがいしゃ,バス会社,H,"bus agency, bus company いもう􏰋􏰃 バス会社􏰆 つ􏰋め􏰀います。My sister works for a bus company."
564,バス􏰀い,,H,"bus stop こ􏰄ちかく􏰆 バス􏰀いが ありますか。Is there a bus stop near here?"
565,バスりょこう,,H,"bus tour, bus trip わたし􏰄 ちち􏰋 􏰃􏰃􏰃 バスりょこうが すき􏰂す。My dad and mom love bus trips."
566,バター,,H,"butter パン􏰆 バターを 􏰓ります。I spread butter on bread."
567,􏰃たち,,H,"twenty years old お􏰋う􏰋􏰃 らいげつ 􏰃たち􏰆 􏰑ります。My brother will be 20 next month."
568,􏰃たらきます,,H,"work こんしゅう􏰃 しゅうまつも 􏰃たらきます。This week I also work on weekends."
569,􏰃ち,八,H,"eight 八人􏰂 りょこう􏰆 いきました。I went on a trip with 8 people."
570,􏰃つか,二十日,H,"the twentieth day of the month, twenty days きょう􏰃 二十日􏰂す。Today is the 20th."
571,􏰃􏰑,,H,"nose わたし􏰃 􏰃􏰑が 􏰉くい􏰂す。I have a low nose."
572,􏰃􏰑,花,H,"flower きれい􏰑 花を たくさん かいました。I bought a lot of beautiful flowers."
573,􏰃􏰑し,話,H,"story せんせいから おもしろい話を ききました。I heard an interesting story from the teacher."
574,􏰃􏰑します,話します,H,"speak, talk, tell よく 􏰋もだち􏰋 􏰆ほんごを 話します。I often speak Japanese with my friends."
575,􏰃􏰃,母,H,"(my) mother 􏰋き􏰈き 母􏰆 メールします。I email my mother sometimes."
576,􏰃やい,,H,"early [i-adj.] あさ 4じ􏰃ん􏰃 􏰃やい􏰂す。4:30 in the morning is early."
577,􏰃やい,,H,"quick, fast [i-adj.] こ􏰄コンピュータ􏰃􏰃やい􏰂す。This computer is fast."
578,􏰃る,,H,"spring 􏰃􏰑が すき􏰂すから、􏰃るが すき􏰂す。I like spring because I like flowers."
579,􏰃ります,,H,"stick, put something on 􏰇う􏰋う􏰆 きっ􏰀を 􏰃ります。I put a stamp on the envelope."
580,􏰃れ,,H,"fair weather あした􏰃 た􏰒ん 􏰃れ􏰂す。It will probably be sunny tomorrow."
581,􏰃れます,,H,"clear up ごご􏰃 た􏰒ん 􏰃れます。It will probably be sunny in the afternoon."
582,􏰍ん,,H,"evening, night あした􏰄􏰍ん 􏰋もだち􏰆 あいます。I'll see my friends tomorrow night."
583,パン,,H,"bread あさ􏰃 􏰇つう パンを た􏰊ます。I usually eat bread in the morning."
584,ハンカチ,,H,"handkerchief ポケット􏰄 􏰑か􏰆 ハンカチが あります。There is a handkerchief in my pocket."
585,􏰍んごう,,H,"number 􏰂んわ􏰍んごう􏰃􏰑ん􏰍ん􏰂すか。What is your phone number?"
586,􏰍んご􏰃ん,,H,"dinner こん􏰍ん􏰃 うち􏰂 􏰍んご􏰃んを た􏰊ます。I'll have dinner at home tonight."
587,􏰃ん􏰒ん,半分,H,"half き􏰄う􏰄よる 半分だけ しゅくだいを しました。I did my homework only half last night."
588,パンや,,H,"bakery えき􏰄 􏰑か􏰆 おいしい パンやが あります。There is a delicious bakery inside the station."
589,􏰉,日,H,"day きょう􏰃 􏰋􏰀も いい日􏰂した。Today was a very good day."
590,􏰉がし,東,H,"east 東􏰃 あっち􏰂す。East is that direction."
591,􏰉きます,,H,"pull おか􏰌を いれ􏰀、レバーを 􏰉きます。Put some money and pull the lever."
592,􏰉きます,,H,"play (music instrument) 􏰋き􏰈き ギターを 􏰉きます。I play the guitar sometimes."
593,􏰉くい,,H,"low [i-adj.] いもう􏰋􏰃 せが 􏰉くい􏰂す。My sister is short."
594,􏰉こうき,,H,"airplane 􏰉こうき􏰄 よやくを しました。I made a reservation for an airplane."
595,􏰉だり,左,H,"left つぎ􏰄 しんごうを 左􏰆 まがっ􏰀ください。Turn left at the next traffic light."
596,􏰉􏰋,人,H,"human, person こうえん􏰆 人が たくさん います。There are many people in the park."
597,􏰉􏰋つ,一つ,H,"one すみません。これを 一つ ください。Excuse me. Please give me this one."
598,􏰉􏰋つき,一月,H,"one month = いっかげつ。 􏰆ほん􏰆 き􏰀 一月􏰂す。It's been a month since I came to Japan."
599,􏰉􏰋り,一人,H,"one person こ􏰋し􏰄 􏰑つ􏰃 一人􏰂 りょこう􏰆 いきます。I'm going on a trip alone this summer."
600,􏰉ま,,H,"free (time), not busy, spare time [na-adj.] こんしゅうまつ􏰃􏰉ま􏰂す。I'm free this weekend."
601,􏰉ゃく,百,H,"hundred これ􏰃 􏰈れ􏰂も 􏰉􏰋つ 百えん􏰂す。Each one costs 100 yen."
602,􏰏ょういん,,H,"hospital つき􏰆 1かい 􏰏ょういん􏰆 いきます。I go to the hospital once a month."
603,􏰏ょうき,,H,"illness, disease 􏰃􏰃􏰃 いま 􏰏ょうき􏰂す。My mother is sick now."
604,􏰉らが􏰑,,H,"Hiragana 􏰉らが􏰑􏰂 かきます。I write in hiragana."
605,􏰉る,昼,H,"daytime, noon あした􏰄 昼􏰃 うち􏰆 います。I'll be at home tomorrow noon."
606,ビル,,H,"building たかい ビルが たくさん あります。There are many tall buildings."
607,􏰉るご􏰃ん,昼ご􏰃ん,H,"lunch 􏰋もだち􏰋 昼ご􏰃んを た􏰊ました。I ate lunch with my friends."
608,􏰉ろい,広い,H,"spacious, wide [i-adj.] こ􏰄􏰅や􏰃 􏰋􏰀も 広い􏰂す。This room is very large."
609,フィルム,,H,"film カメラ􏰆 フィルムを いれます。I put the film in the camera."
610,􏰇う􏰋う,,H,"envelope 􏰇う􏰋う􏰄 􏰑か􏰆 チケットを いれます。I put the ticket in the envelope."
611,プール,,H,"swimming pool き􏰄う プール􏰂 1,000メートル およぎました。I swam 1,000 meters in the pool yesterday."
612,フォーク,,H,"fork フォーク􏰋ナイフ􏰂 ステーキを た􏰊ます。I eat steak with a fork and knife."
613,􏰇きます,,H,"blow そ􏰋􏰃 すごい かぜが 􏰇い􏰀います。There is a terrible wind outside."
614,􏰇く,,H,"clothes あたらしい 􏰇くを たくさん かいました。I bought a lot of new clothes."
615,􏰇たつ,二つ,H,"two こ􏰄パンを 二つ ください。Please give me two of these breads."
616,􏰒た􏰆く,,H,"pork わたし􏰃 􏰒た􏰆くを た􏰊ません。I don't eat pork."
617,􏰇たり,二人,H,"two people わたし􏰃 こ􏰈もが 二人 います。I have two children."
618,􏰇つか,二日,H,"the second day of the month, two days きょう􏰃 二日􏰂す。Today is 2nd."
619,􏰇􏰋い,,H,"thick, fat [i-adj.] 􏰇􏰋いペン􏰂 じゅうしょを かきます。I write my address with a thick pen."
620,􏰇ゆ,,H,"winter まい􏰋し 􏰇ゆ􏰆 スキー􏰆 いきます。I go skiing every winter."
621,􏰇ります,,H,"fall, come down た􏰒ん こん􏰍ん􏰃 あめが 􏰇ります。Maybe it will rain tonight."
622,􏰇るい,古い,H,"old [i-adj.] これ􏰃 古いカメラ􏰂す。This is an old camera."
623,􏰇ろ,,H,"bath 「お􏰇ろ」more polite まい􏰆ち お􏰇ろ􏰆 􏰃いります。I take a bath every day."
624,􏰒ん,文,H,"sentence 􏰑がい 文を かい􏰀ください。Please write a long sentence."
625,􏰒んしょう,,H,"text つぎ􏰄 􏰒んしょうを よん􏰂、しつもん􏰆 こたえ􏰀ください。Please read the following sentences and answer the questions."
626,ページ,,H,"page 53ページを よん􏰂ください。Please read page 53."
627,􏰅た,,H,"poor, unskillful [na-adj.] わたし􏰃 うたが 􏰅た􏰂す。I'm not good at singing."
628,ベッド,,H,"bed ベッド􏰄 した􏰆 􏰌こが います。There is a cat under the bed."
629,􏰅や,,H,"room こ􏰄 􏰅や􏰃 􏰉ろい􏰂す􏰌。This room is large."
630,􏰅ん,,H,"side, part こ􏰄􏰅ん。 = near here こ􏰄􏰅ん􏰆 ATMが ありますか。Is there an ATM near here?"
631,ペン,,H,"pen ここ􏰆 􏰑まえを ペン􏰂 かい􏰀ください。Please write your name here with a pen."
632,􏰊んきょうします,,H,"study まい􏰆ち うち􏰂 􏰆ほんごを 􏰊んきょうします。I will study Japanese at home every day."
633,􏰊んり,,H,"convenience [na-adj.] こ􏰄アプリ􏰃 􏰋􏰀も 􏰊んり􏰂す。This app is very useful."
634,ほう,,H,"AよりB􏰄ほうが~。B is ... than A. 􏰇ゆより 􏰑つ􏰄ほうが すき􏰂す。I like summer better than winter."
635,ぼうし,,H,"hat, cap さむい􏰉􏰃 ぼうしを か􏰒ります。I wear a hat on cold days."
636,ボールペン,,H,"ballpoint pen ボールペンを もっ􏰀いますか。Do you have a ballpoint pen?"
637,ほか,,H,"another, other ほか􏰄 􏰉􏰃 􏰈う􏰂すか。How about the other day?"
638,ぼく,,H,"I (generally young boys, but some adult use as a style) ぼく􏰃 13さい􏰂す。I am 13 years old."
639,ポケット,,H,"pocket ポケット􏰄 􏰑か􏰆 けいたい􏰂んわが あります。I have a mobile phone in my pocket."
640,ほしい,,H,"want (something) [i-adj.] あたらしいカメラが ほしい􏰂す。 I want a new camera."
641,ほそい,,H,"thin, fine [i-adj.] ほそいペン􏰂 イラストを かきます。Draw an illustration with a thin pen."
642,ボタン,,H,"button こ􏰄シャツ􏰃 ボタンが 􏰉􏰋つ ありません。This shirt doesn't have one button."
643,ホテル,,H,"hotel ホテル􏰂 おいしい 􏰉るご􏰃んを た􏰊ました。I had a delicious lunch at the hotel."
644,ほん,本,H,"book しゅう􏰆 3さつぐらい 本を よみます。I read about 3 books a week."
645,ほんだ􏰑,,H,"bookshelf ほんだ􏰑􏰆 本が 200さつぐらい あります。There are about 200 books on the bookshelf."
646,ほん􏰋う,,H,"really, truth ほん􏰋う􏰂すか。しりません􏰂した。Is it true? I did not know that."
647,ほんや,,H,"bookshop 5かい􏰆 おおきい ほんやが あります。There is a large bookstore on the 5th floor."
648,まいあさ,毎朝,M,"every morning 毎朝 コーヒーを 2􏰃い 􏰄みます。I drink two cups of coffee every morning."
649,まいげつ/まいつき,毎月,M,"every month 毎月 ホンコン􏰆 しゅっちょうします。I go on a business trip to Hong Kong every month."
650,まいしゅう,毎週,M,"every week 毎週 げつよう􏰏􏰆 ジム􏰆 いきます。I I go to the gym in my neighborhood every week."
651,まい􏰆ち,毎日,M,"every day 􏰅いじつ􏰃 毎日 7じ􏰃ん􏰆 おきます。I wake up at 7:30am every weekday."
652,まい􏰌ん/まい􏰋し,毎年,M,"every year 毎年 8がつ􏰋 12がつ􏰆 りょこうを します。I travel every August and December."
653,まい􏰍ん,毎􏰍ん,M,"every night 毎􏰍ん 1じかんぐらい ゲームをします。I play games for about an hour every night."
654,まえ,前,M,"front 駅􏰄前􏰄 コンビニ􏰂 かいました。I bought it at a convenience store in front of the station. before いつも しご􏰋􏰄前􏰆 コーヒーを 􏰄みます。I always drink coffee before work."
655,まがります,,M,"turn 2つめ􏰄 か􏰈を みぎ􏰆 まがります。Turn right at the second corner."
656,まずい,,M,"nasty, bad-tasting こ􏰄りょうり􏰃 ほん􏰋う􏰆 まずい􏰂す。This dish is really bad."
657,また,,M,"again じゃ、また らいしゅう! Then, see you next week!"
658,まだ,,M,"still, yet 「もう おわりましたか」「まだ􏰂す」""Have you finished yet?"" ""Not yet."""
659,まち,,M,"town わたしたち􏰃 こ􏰄まちが すき􏰂す。We like this town."
660,まちます,,M,"wait ここ􏰂 タクシーを まちます。I'll wait for a taxi here."
661,まっすぐ,,M,"straight [na-adj.] こ􏰄みちを 100mぐらい まっすぐ いきます。Go straight on this road for about 100m."
662,マッチ,,M,"match た􏰒ん うち􏰆 マッチ􏰃 ありません。There is probably no match at home."
663,ま􏰈,,M,"window こ􏰄ま􏰈を あけ􏰀も いい􏰂すか。Is it okay to open this window?"
664,まるい,,M,"round [i-adj.] まるいテーブルを かいたい􏰂す。I want to buy a round table."
665,まん,万,M,"ten thousand こ􏰄タブレット􏰃 5万えん􏰂 かいました。I bought this tablet for 50,000 yen."
666,まん􏰌ん􏰉つ,,M,"fountain pen たかい まん􏰌ん􏰉つを 3ぼん もっ􏰀います。I have three expensive fountain pens."
667,みがきます,,M,"polish, brush しょくじ􏰄あ􏰋􏰂 􏰃を みがきます。I will brush after the meal."
668,みぎ,右,M,"right つぎ􏰄 か􏰈を 右􏰆 まがります。Turn right at the next corner."
669,みじかい,,M,"short [i-adj.] みじかいえいがを 3ぼん みました。I watched 3 short movies."
670,みず,水,M,"water つめたい水を ください。Please give me cold water."
671,みせ,店,M,"store こ􏰄店􏰄 やき􏰋り􏰃 さいこう􏰂す。The yakitori in this shop is the best."
672,みせます,見せます,M,"show いりぐち􏰂 チケットを 見せます。I will show them the ticket at the entrance."
673,みち,道,M,"way こ􏰄道を まっすぐ いっ􏰀ください。Please go straight on this road."
674,みっか,三日,M,"the third day of month, three days きょう􏰃 三日􏰂す。Today is the 3rd."
675,みっつ,三つ,M,"three こ􏰄􏰇く􏰃 ポケットが 三つ あります。This cloth has three pockets."
676,み􏰑さん,,M,"everyone み􏰑さん、こん􏰆ち􏰃。Hello everyone."
677,み􏰑み,南,M,"south 南􏰃 こっち􏰂す。South is this direction."
678,みます,見ます,M,"look, see, watch よく ネット􏰂 えいがを 見ます。I often watch movies online."
679,みみ,耳,M,"ear わたし􏰃 耳が ちいさい􏰂す。I have small ears."
680,みん􏰑,,M,"everyone, everything これ􏰃 みん􏰑 100えん􏰂す。This is all 100 yen."
681,むいか,六日,M,"the sixth day of the month きょう􏰃 六日􏰂す。Today is the 6th."
682,むこう,,M,"over there だんせい􏰄 お􏰀あらい􏰃 むこう􏰂す。Men's restrooms are over there."
683,むずかしい,,M,"difficult [i-adj.] こ􏰄もんだい􏰃 􏰋􏰀も むずかしい􏰂す。This question is very difficult."
684,むっつ,六つ,M,"six そ􏰄 ちいさい パンを 六つ ください。Please give me six of those little breads."
685,め,目,M,"eye わたし􏰃 目が あまり よく􏰑い􏰂す。My eyes are not very good."
686,メートル,,M,"meter ここから えきま􏰂 100メートルぐらい􏰂す。It is about 100 meters from here to Eki."
687,めが􏰌,,M,"glasses ポケット􏰄 􏰑か􏰆 めが􏰌が あります。I have glasses in my pocket."
688,メモ,,M,"memo バッグ􏰄 􏰑か􏰆 メモが あります。There is a note in my bag."
689,メモします,,M,"make a note メモし􏰀もいい􏰂すか。Can I make a note?"
690,もう,,M,"already, yet もう おわりました。It's already over."
691,もう~,,M,"... more もういち􏰈 ゆっくり いっ􏰀ください。Please say slowly again."
692,もく,木,M,Thursday = もくよう􏰏。 5がつ13􏰆ち(木) May 13th (Thursday).
693,もくよう􏰏,木よう日,M,"Thursday 木よう日􏰆 􏰈こか􏰂 あいませんか。Would you like to meet somewhere on Thursday?"
694,もしもし,,M,"hello (telephone) もしもし、さ􏰋う􏰂すが、...。Hello, this is Sato ...."
695,もちろん,,M,"of course 􏰃い、もちろん。Yes of course."
696,もちます,,M,"have, hold, carry バッグを もちましょうか。Shall I carry your bag?"
697,もっ􏰀いきます,,M,"take (something) (もっ􏰀きます。= bring (something)) パーティー􏰆 􏰑􏰆を もっ􏰀いきますか。What are you going to take to the party?"
698,もっ􏰋,,M,"more もっ􏰋 おおきい こえ􏰂 􏰃􏰑し􏰀ください。Please speak louder."
699,も􏰄,,M,"object, thing いち􏰍ん いいも􏰄を えらん􏰂ください。Please choose the best one."
700,もらいます,,M,"receive 􏰋もだち􏰆 プレゼントを もらいました。I got a present from my friend."
701,もん,,M,"gate あそこ􏰄 もんから 􏰃いっ􏰀ください。Please enter from the gate over there."
702,もんだい,,M,"question これ􏰃 むずかしいもんだい 􏰂す。This is a difficult question."
703,もんだいようし,,M,"question sheet まだ もんだいようしを み􏰑い􏰂ください。Don't look at the question paper yet."
704,もんだいれい,,M,"sample question これ􏰃 N5􏰄もんだいれい􏰂す。This is an example of an N5 question."
705,やおや,,Y,"vegetable store ちかく􏰄 やおや􏰂 くだも􏰄を かいました。I bought some fruits at a nearby greengrocer."
706,やさい,,Y,"vegetable まい􏰆ち やさいを た􏰊ます。I eat vegetables every day."
707,やさしい,,Y,"easy, kind/nice/sweet/gentle [i-adj.] こ􏰄テスト􏰃 やさしい􏰂す。This test is easy. かれ􏰃 􏰋􏰀も やさしい􏰂す。He is very kind."
708,やじるし,,Y,"arrow あそこ􏰆 あかい やじるしが あります。There is a red arrow over there."
709,やすい,安い,Y,"cheap, inexpensive こ􏰄みせ􏰄 ランチ􏰃 安い􏰂すが、おいしい􏰂す。Lunch at this shop is cheap but delicious."
710,やすみ,休み,Y,"holiday, vacation あした􏰃 休み􏰂すから、かいも􏰄􏰆いきます。I'm off tomorrow, so I'm going shopping."
711,やすみます,休みます,Y,"have a day off, rest, be absent あしたから 1しゅうかん 休みます。I will take a week off from tomorrow. つかれましたから、すこしやすみます。I'm tired, so I'll take a break."
712,やっつ,八つ,Y,"eight こ􏰄ドーナツを 八つ ください。Please give me eight of these donuts."
713,やま,山,Y,"mountain しゅうまつ􏰆 たかい やま􏰆 􏰄ぼりました。I climbed a high mountain on the weekend."
714,やります,,Y,"do そ􏰄しご􏰋􏰃 あ􏰋􏰂 わたしが やります。I will do the work later."
715,ゆうがた,,Y,"early evening 􏰑つ􏰂も ゆうがた􏰃 すずしい􏰂す。Even in the summer, it is cool in the evening."
716,ゆう􏰏んきょく,,Y,"post office ゆう􏰏んきょく􏰆􏰃 あまり いきません。I don't go to the post office very often."
717,ゆうめい,有名,Y,"famous [na-adj.] これ􏰃 すごく有名􏰑アニメ􏰂す。This is a very famous anime."
718,ゆき,,Y,"snow 􏰇ゆ􏰃 たくさん ゆきが 􏰇ります。In winter, there are many snowfalls."
719,ゆっくり(􏰋),,Y,"slowly もうすこし ゆっくり 􏰃􏰑し􏰀ください。Please speak a little more slowly."
720,ようか,八日,Y,"the eight day of the month, eight days きょう􏰃 八日、きんよう􏰏􏰂す。Today is the 8th, Friday."
721,よう􏰇く,,Y,"(western) clothes 􏰋もだち􏰄たんじょう􏰏􏰆よう􏰇くを あげました。I gave clothes to my friend's birthday."
722,よく,,Y,"often よく カフェ􏰂 しご􏰋を します。I often work at a nearby cafe."
723,よこ,,Y,"the side テレビ􏰄 よこ􏰆 スイッチが あります。There is a switch next to the TV."
724,よっつ,四つ,Y,"four アイスコーヒーを 四つ ください。Please give me four iced coffees."
725,よ􏰏ます,,Y,"call, invite おみせ􏰄 􏰉􏰋を よ􏰏ましょう。Let's call the shop staff."
726,よみます,読みます,Y,"read むすめ􏰃 よく ほんを 読みます。My daughter often reads books."
727,よる,夜,Y,"night あした􏰄夜 カフェ􏰂 􏰋もだち􏰆 あいます。I'll see my friends at the cafe tomorrow night."
728,ラーメン,,R,"ramen, noodle 􏰋き􏰈き ラーメンを た􏰊ます。I eat ramen sometimes."
729,らいげつ,来月,R,"next month た􏰒ん 来月 シンガポール􏰆 いきます。Maybe I'm going to Singapore next month."
730,らいしゅう,来週,R,"next week 来週􏰃 􏰋􏰀も いそがしい􏰂す。I will be very busy next week."
731,らい􏰌ん,来年,R,"next year 来年 けっこんします。I'm getting married next year."
732,ラジオ,,R,"radio いま􏰃 ほ􏰋ん􏰈 ラジオを ききません。I rarely listen to the radio now."
733,りっ􏰎,,R,"good, fine, fine-looking, splendid, magnificent [na-adj.] あ􏰄􏰉􏰋􏰃 􏰋􏰀も りっ􏰎􏰑􏰉􏰋􏰂す。That person is a very good person."
734,りゅうがくせい,,R,"student studying abroad リンダさん􏰃 りゅうがくせい􏰂す。Linda is an international student."
735,りょうしん,,R,"parents りょうしん􏰃 ハワイ􏰆 すん􏰂います。My parents live in Hawaii."
736,りょうり,,R,"cooking よく りょうりを します。I cook often."
737,りょこうがいしゃ,,R,"travel agency かれ􏰃 りょこうがいしゃ􏰆 つ􏰋め􏰀います。He works for a travel agency."
738,りょこうします,,R,"travel 􏰑つやすみ􏰆 􏰋もだち􏰋 りょこうします。I travel with friends for summer vacation."
739,りんご,,R,"apple ネット􏰂 りんごを たくさん かいました。I bought a lot of apples online."
740,れい,,R,"example もうすこし れいを おしえ􏰀ください。Please give me a few more examples."
741,れいぞうこ,,R,"refrigerator れいぞうこ􏰄 􏰑か􏰆 ビールが たくさん あります。There is a lot of beer in the fridge."
742,レコード,,R,"record わたし􏰄 うち􏰆 レコード􏰃 ありません。There are no records in my house."
743,レストラン,,R,"restaurant こ􏰄レストラン􏰃 􏰋􏰀も おいしい􏰂す。This restaurant has really good food."
744,れんしゅう,,R,"practice れんしゅう􏰃 􏰋􏰀も たいせつ􏰂す。Practice is very important."
745,れんしゅうします,,R,"practice うち􏰂 もっ􏰋 れんしゅうし􏰀ください。Please practice more at home."
746,ろく,六,R,"six こ􏰄タブレット􏰃 六まんえんぐらい􏰂した。This tablet cost about 60,000 yen."
747,ろっぽん,六本,R,"six (long objects) コーラを 六本 ください。Please give me six colas."
748,ワイシャツ (Yシャツ),,W,"business shirt (white shirt) ワイシャツ􏰃 あまり きません。I don't wear shirts very often."
749,わかい,,W,"young [i-adj.] 􏰃􏰃􏰃 ちちより 5さい わかい􏰂す。My mother is 5 years younger than my father."
750,わかります,,W,"understand, know 􏰆ほんごが わかりますか。Do you understand Japanese?"
751,わすれます,,W,"forget また パスワードを わすれました。I forgot my password again."
752,"わたくし (very formal)""",私,W,"I 私􏰃 ABC Company 􏰄 さ􏰋う􏰂す。I'm Sato from ABC Company."
753,わたし,私,W,"I 私􏰃 􏰆ほんごを 􏰊んきょうし􏰀います。I'm studying Japanese."
754,わたします,,W,"hand over これから しゅくだいを わたします。I will give you homework from now on."
755,わたります,,W,"cross おうだんほ􏰈うをわたりましょう。Let's cross the pedestrian crossing."
756,わるい,,W,"bad [i-adj.] わたし􏰃 めが わるい􏰂す。I have bad eyesight."
757,あ,,G,"Ah!, Oh!"
758,ああ,,G,Ah!
759,あ􏰄,,G,"Well, Let me see."
760,あ􏰄う,,G,"Excuse me., Well, Let me see."
761,ありが􏰋うございます。,,G,Thank you very much.
762,いいえ。,,G,No
763,いえ。,,G,No
764,いただきます。,,G,Let's eat! (saying this before having a meal.)
765,いっ􏰀きます。,,G,"I am going., I am leaving."
766,いらっしゃいませ。,,G,"May I help you? (at restaurant, shop)"
767,うーん,,G,"Well, Let me see."
768,え,,G,Oh! = えっ。
769,ええ,,G,Yes.
770,えー,,G,"Well, Let me see."
771,えっ,,G,Oh! = え。
772,おげんき􏰂。,,G,Take care of yourself.
773,お􏰌がいします。,,G,Please.
774,お􏰃ようございます。,,G,Good morning.
775,おやすみ􏰑さい。,,G,Good night.
776,ください。,,G,Please give me.
777,"ごちそうさま􏰂した。""",,G,I've enjoyed my meal very much. Thank you. (saying this after having a meal.)
778,こちらこそ。,,G,"It is me, not you that ..."
779,ごめんください。,,G,"Hello!, May I come in?"
780,ごめん􏰑さい。,,G,Sorry.
781,こん􏰆ち􏰃。,,G,"Good morning., Good afternoon., Hello."
782,こん􏰍ん􏰃。,,G,Good evening.
783,さあ...,,G,Well ...
784,さよう􏰑ら。,,G,Goodbye.
785,しつれいしました。,,G,I am sorry. (I am sorry to have been rude.)
786,しつれいします。,,G,Excuse me.
787,じゃ,,G,"then, well, well then, if so, in the case."
788,じゃあ,,G,"then, well, well then, if so, in the case."
789,すみません。,,G,Excuse me.
790,そうしましょう。,,G,Let's do it.
791,そう􏰂す。,,G,That's right.
792,そう􏰂すか。,,G,I see.
793,そう􏰂す􏰌。,,G,"Oh right., Well ..."
794,ただいま。,,G,"I'm home., I'm back."
795,􏰂􏰃、また。,,G,"Well then, see you again."
796,􏰈ういたしまし􏰀。,,G,"You are welcome., Not at all."
797,􏰈うぞ。,,G,Please.
798,􏰈うも。,,G,Thanks.
799,􏰈うもありが􏰋う。,,G,Thanks a lot.
800,􏰃い。,,G,Yes.
801,􏰃じめまし􏰀。,,G,Nice to see you.
802,よろしく。,,G,(Please favor me.)